record_type,name,title,company,title_secondary,company_secondary,is_virtual_speaker,twitter,linkedin,website,profile_url
Speaker,Changpeng  (CZ) Zhao,Founder of Binance,,,,Yes,,,,https://consensus.coindesk.com/agenda/speaker/-cz
Speaker,Brad Garlinghouse,CEO,Ripple,,,No,bgarlinghouse,,,https://consensus.coindesk.com/agenda/speaker/-brad-garlinghouse
Speaker,Michael Saylor,Founder & Executive Chairman,Strategy,,,No,saylor,,michael.com,https://consensus.coindesk.com/agenda/speaker/-michael-saylor
Speaker,Anatoly Yakovenko,Co-Founder of Solana,CEO of Solana Labs,,,No,toly,,,https://consensus.coindesk.com/agenda/speaker/-anatoly-yakovenko
Speaker,Raoul Pal,"Co-Founder & CEO (RV) , CEO/CIO (EXPAAM)",Real Vision/ EXPAAM,,,No,RaoulGMI,https://www.linkedin.com/in/raoul-pal-real-vision/,https://raoulpal.com/,https://consensus.coindesk.com/agenda/speaker/-raoul-pal
Speaker,Eric Trump,Co-Founder & Chief Strategy Officer,American Bitcoin,,,No,@erictrump,,www.abtc.com,https://consensus.coindesk.com/agenda/speaker/-eric-trump
Speaker,Stephanie Cohen,Chief Strategy Officer,Cloudflare,,,No,,https://www.linkedin.com/in/stephanieecohen/,,https://consensus.coindesk.com/agenda/speaker/-stephanie-cohen
Speaker,Bo Hines,CEO,Tether USA₮,,,No,,,,https://consensus.coindesk.com/agenda/speaker/-bo-hines
Speaker,Kevin O'Leary,Chairman,O'Leary Ventures,,,No,,,,https://consensus.coindesk.com/agenda/speaker/-kevin-oleary
Speaker,Alex Rodriguez,CEO of A-Rod Corp and Co-Chairman of Minnesota Timberwolves & Lynx,A-Rod Corp / Minnesota Timberwolves & Lynx,,,No,@arod,https://www.linkedin.com/in/alex-rodriguez-b4161815a,arodcorp.com,https://consensus.coindesk.com/agenda/speaker/-alex-rodriguez
Speaker,Donald Trump Jr,Co-Founder,World Liberty Financial,,,No,,,,https://consensus.coindesk.com/agenda/speaker/-donald-trump-jr
Speaker,Charles Hoskinson,CEO and Founder,Input Output,,,No,IOHK_Charles,linkedin.com/company/input-output-global/?trk=public_profile_experience-item_profile-section-card_subtitle-click&originalSubdomain=ua,https://iohk.io/,https://consensus.coindesk.com/agenda/speaker/-charles-hoskinson
Speaker,Amy Oldenburg,Head of Digital Asset Strategy,Morgan Stanley,,,No,,,,https://consensus.coindesk.com/agenda/speaker/-amy-oldenburg
Speaker,Michael Selig,Chairman,U.S. Commodity Futures Trading Commission,,,No,,,,https://consensus.coindesk.com/agenda/speaker/-michael-selig
Speaker,Arthur Hayes,Chief Investment Officer,Maelstrom,,,No,cryptohayes,https://www.linkedin.com/in/arthur-hayes-b493b42/,https://www.maelstrom.fund,https://consensus.coindesk.com/agenda/speaker/-arthur-hayes-2
Speaker,Patrick Witt,"Executive Director, President’s Council of Advisors for Digital Assets",The White House,,,No,,,,https://consensus.coindesk.com/agenda/speaker/-patrick-witt
Speaker,Adam  Back,Co-Founder & CEO,Blockstream,,,No,adam3us,https://www.linkedin.com/in/adam-back-043342,blockstream.com,https://consensus.coindesk.com/agenda/speaker/-adam-back
Speaker,Ashley Moody,Senator,U.S. Senate,,,No,senashleymoody,,https://www.moody.senate.gov/about/,https://consensus.coindesk.com/agenda/speaker/-senator-ashley-senator-ashley-moody
Speaker,Dan Romero,GTM,Tempo,,,No,dwr,,tempo.xyz,https://consensus.coindesk.com/agenda/speaker/-dan-romero
Speaker,Senator Kristen Gillibrand,,,,,No,,,,https://consensus.coindesk.com/agenda/speaker/-senator-kristen-gillibrand
Speaker,Arjun Sethi,Co-CEO,Kraken,,,No,@arjunsethi,,www.kraken.com,https://consensus.coindesk.com/agenda/speaker/-arjun-sethi
Speaker,Zach Witkoff,Co-Founder & CEO,World Liberty Financial,,,No,,,,https://consensus.coindesk.com/agenda/speaker/-zach-witkoff
Speaker,Jesse Pollak,Founder,Base,,,No,jessepollak,,,https://consensus.coindesk.com/agenda/speaker/-jesse-pollak
Speaker,Erik Reppel,Founder of x402 & Head of Engineering,Coinbase Developer Platform,,,No,programmer,,coinbase.com,https://consensus.coindesk.com/agenda/speaker/-erik-reppel
Speaker,Stani Kulechov,Founder & CEO,Aave Labs,,,No,https://x.com/StaniKulechov,https://www.linkedin.com/in/stani-kulechov/,aave.com,https://consensus.coindesk.com/agenda/speaker/-stani-kulechov
Speaker,Lindsey Einhaus,Strategy and Operations,Bridge,,,No,,,,https://consensus.coindesk.com/agenda/speaker/-lindsey-einhaus
Speaker,Jed Finn,Head of Wealth Management,Morgan Stanley,,,No,,,,https://consensus.coindesk.com/agenda/speaker/-jed-finn
Speaker,Joseph Lubin,Founder & CEO,Consensys,,,No,ethereumJoseph,https://www.linkedin.com/in/joseph-lubin-48406489/,https://consensys.io/,https://consensus.coindesk.com/agenda/speaker/-joseph-lubin
Speaker,Anthony Soohoo,Chairman & CEO,MoneyGram,,,No,https://x.com/anthonysoohoo?lang=en,https://www.linkedin.com/in/anthonysoohoo/,https://www.moneygram.com,https://consensus.coindesk.com/agenda/speaker/-anthony-soohoo
Speaker,Randy Little,Partner,50T,,,No,randytlittle,https://www.linkedin.com/in/randalllittle/,https://50tfunds.com/,https://consensus.coindesk.com/agenda/speaker/-dan-tapiero
Speaker,Raja Rajamannar,"Senior Fellow, Former Chief Marketing and Communications Officer",Mastercard,,,No,,https://www.linkedin.com/in/mvrajamannar/,https://www.linkedin.com/newsletters/marketing-sense-6702201790399602688/,https://consensus.coindesk.com/agenda/speaker/-raja-rajamannar
Speaker,Mike Belshe,CEO and Co-Founder,BitGo,,,No,,,,https://consensus.coindesk.com/agenda/speaker/-mike-belshe
Speaker,May Zabaneh,VP and GM of Crypto,PayPal,,,No,,https://www.linkedin.com/in/mayzabaneh/,,https://consensus.coindesk.com/agenda/speaker/-may-zabaneh
Speaker,Mike Cagney,Co-Founder & Executive Chairman,Figure,,,No,,,,https://consensus.coindesk.com/agenda/speaker/-mike-cagney
Speaker,Reid Hoffman,Partner,Greylock,,,No,https://x.com/reidhoffman,https://www.linkedin.com/in/reidhoffman/,https://www.reidhoffman.org/,https://consensus.coindesk.com/agenda/speaker/-reid-hoffman
Speaker,Kyle Samani,Chairman,Forward Industries,,,No,kylesamani,,,https://consensus.coindesk.com/agenda/speaker/-kyle-samani
Speaker,Scott Melker,Host,The Wolf of All Streets,,,No,@scottmelker,,,https://consensus.coindesk.com/agenda/speaker/-scott-melker
Speaker,Anthony  Pompliano,Chairman & CEO,ProCap Financial,,,No,APompliano,linkedin.com/in/anthonypompliano,www.procapfinancial.com,https://consensus.coindesk.com/agenda/speaker/-anthony-pompliano
Speaker,Tom Farley,CEO,Bullish,,,No,ThomasFarley,https://www.linkedin.com/in/thomas-farley-b9a806128/,,https://consensus.coindesk.com/agenda/speaker/-tom-farley
Speaker,Mayur Gupta,Chief Growth & Marketing Officer,Kraken,,,No,,https://www.linkedin.com/in/mayurgupta77/,,https://consensus.coindesk.com/agenda/speaker/-mayur-gupta
Speaker,Tom Lee,Fundstrat Capital: Chief Investment Officer and Portfolio Manager (NYSE: GRNY)  Fundstrat: Co-founder & Head of Research  Bitmine Immersion (NYSE: BMNR): Chairman of the Board,Fundstrat,,,No,,,,https://consensus.coindesk.com/agenda/speaker/-tom-lee
Speaker,Johann Kerbrat,"Senior Vice President and General Manager, Crypto and International",Robinhood,,,No,JohannKerbrat,https://www.linkedin.com/in/johann-kerbrat-a19389b/,,https://consensus.coindesk.com/agenda/speaker/-johann-kerbrat
Speaker,Nathan McCauley,CEO & Co-Founder,Anchorage Digital,,,No,nathanmccauley,,anchorage.com,https://consensus.coindesk.com/agenda/speaker/-nathan-mccauley
Speaker,Carlos Domingo,Founder & CEO,Securitize,,,No,carlosdomingo,https://www.linkedin.com/in/carlosdomingo/,https://www.securitize.io,https://consensus.coindesk.com/agenda/speaker/-carlos-domingo
Speaker,Blue Macellari,Head of Digital Assets,T.Rowe Price,,,No,,https://www.linkedin.com/in/bluemacellari/,https://www.troweprice.com/en/us,https://consensus.coindesk.com/agenda/speaker/-blue-macellari
Speaker,Joseph Chalom,CEO,SharpLink,,,No,joechalom,josephchalom,sharplink.com,https://consensus.coindesk.com/agenda/speaker/-joseph-chalom
Speaker,Asher Genoot,Executive Chairman,American Bitcoin,,,No,,,,https://consensus.coindesk.com/agenda/speaker/-asher-genoot
Speaker,Tal Cohen,President,NASDAQ,,,No,,https://www.linkedin.com/in/tal-cohen-85a2911/,,https://consensus.coindesk.com/agenda/speaker/-tal-cohen
Speaker,Haider Rafique,Global Managing Partner,OKX,,,No,https://x.com/Haider,,www.okx.com,https://consensus.coindesk.com/agenda/speaker/-haider-rafique
Speaker,Kash  Razzaghi,Chief Commercial Officer,Circle,,,No,,,,https://consensus.coindesk.com/agenda/speaker/-kash-razzaghi
Speaker,Ryan  Rugg,"Global Head of Digital Assets, Treasury and Trade Solutions",Citi,,,No,,,https://www.linkedin.com/in/ryanrugg,https://consensus.coindesk.com/agenda/speaker/-ryan-rugg
Speaker,Grant  Cardone,Founder & CEO,Grant Cardone Enterprises,,,No,grantcardone,https://www.linkedin.com/in/grantcardone/,grantcardone.com,https://consensus.coindesk.com/agenda/speaker/-grant-cardone
Speaker,Paul Grewal,Chief Legal Officer,Coinbase,,,No,iampaulgrewal,https://www.linkedin.com/in/paul-grewal-288978b4,,https://consensus.coindesk.com/agenda/speaker/-paul-grewal
Speaker,Miles Jennings,Head of Policy & General Counsel,a16z crypto,,,No,milesjennings,,,https://consensus.coindesk.com/agenda/speaker/-miles-jennings
Speaker,Nadine Chakar,"Managing Director, Global Head of Digital Assets",DTCC,,,No,,,,https://consensus.coindesk.com/agenda/speaker/-nadine-chakar
Speaker,Nick Ducoff,Head of Institutional Growth,Solana Foundation,,,No,nickducoff,https://www.linkedin.com/in/nickducoff/,nick.vc,https://consensus.coindesk.com/agenda/speaker/-nick-ducoff
Speaker,Frank La Salla,"President, CEO & Director",The Depository Trust & Clearing Corporation (DTCC),,,No,,,,https://consensus.coindesk.com/agenda/speaker/-frank-la-salla
Speaker,Mert Mumtaz,CEO,Helius,,,No,,,,https://consensus.coindesk.com/agenda/speaker/-mert-mumtaz
Speaker,Kristin Smith,President,Solana Policy Institute,,,No,https://x.com/KristinSmith,https://www.linkedin.com/in/smithk1/,solanapolicyinstitute.org,https://consensus.coindesk.com/agenda/speaker/-kristin-smith
Speaker,Michaël van de Poppe,Founder & CIO,MN Fund & MN Capital,,,No,cryptomichnl,https://www.linkedin.com/in/michaelvandepoppe/,www.michaelvandepoppe.com,https://consensus.coindesk.com/agenda/speaker/-michal-van-de-poppe
Speaker,Deborah Querub,"Head of Digital Assets, Citi Wealth",Citigroup,,,No,,https://www.linkedin.com/in/deborahquerub/,,https://consensus.coindesk.com/agenda/speaker/-deborah-querub
Speaker,Ian  De Bode,President,Ondo,,,No,https://x.com/OndoFinance,https://www.linkedin.com/company/ondo-finance/,https://ondo.finance/,https://consensus.coindesk.com/agenda/speaker/-ian-de-bode
Speaker,Sandy Kaul,Head of Innovation,Franklin Templeton,,,No,FTDA_US,https://www.linkedin.com/in/sandy-kaul,franklintempleton.com,https://consensus.coindesk.com/agenda/speaker/-sandy-kaul
Speaker,Austin Federa,Co-Founder,DoubleZero,,,No,,,https://doublezero.xyz/,https://consensus.coindesk.com/agenda/speaker/-austin-federa
Speaker,Rebecca  Rettig,COO / CLO,Jito Labs,,,No,https://x.com/RebeccaRettig1,https://www.linkedin.com/in/rebecca-rettig-8b90a284/,https://www.jito.wtf/,https://consensus.coindesk.com/agenda/speaker/-rebecca-rettig
Speaker,Larry Wade,Global Head of Crypto Compliance and Regulatory Relations,PayPal,,,No,,https://www.linkedin.com/in/larryswadejr/,,https://consensus.coindesk.com/agenda/speaker/-larry-wade
Speaker,Chris Land,Staff Director,U.S. Senate Banking Subcommittee on Digital Assets,,,No,@senlummis,,lummis.senate.gov,https://consensus.coindesk.com/agenda/speaker/-chris-land
Speaker,Lucas  Bruder,Co-Founder & CEO,Jito Labs,,,No,,https://www.linkedin.com/in/lucasbruder/,https://www.jito.wtf/,https://consensus.coindesk.com/agenda/speaker/-lucas-bruder
Speaker,Stefano Bury,Head of the US,Virtuals Protocol,,,No,0xbury,https://www.linkedin.com/in/stefanobury/,virtuals.io,https://consensus.coindesk.com/agenda/speaker/-stefano-bury
Speaker,Steven Meiner,Mayor,City of Miami Beach,,,No,https://x.com/StevenMeiner,https://www.linkedin.com/in/stevenmeiner/,https://www.miamibeachfl.gov/staff/mayor-steven-meiner/,https://consensus.coindesk.com/agenda/speaker/-mayor-steven-meiner
Speaker,Michael Lau,Chairman,Consensus,,,No,mikelaujr,https://www.linkedin.com/in/michaeltlau,,https://consensus.coindesk.com/agenda/speaker/-michael-lau
Speaker,Rodrigo  Coelho,CEO,Edge & Node,,,No,rodventures,https://www.linkedin.com/in/rodrigoco/,,https://consensus.coindesk.com/agenda/speaker/-rodrigo-coelho
Speaker,Serafin  Lion Engel,Founder & CEO,Yield.xyz,,,No,,,https://yield.xyz/,https://consensus.coindesk.com/agenda/speaker/-serafin-lion-e
Speaker,Gregory  Lisa,Senior Counsel,Hogan Lovells,,,No,,,,https://consensus.coindesk.com/agenda/speaker/-gregory-lisa
Speaker,Thomas  Perfumo,Chief Economist,Kraken,,,No,ThomasPerfumo,,,https://consensus.coindesk.com/agenda/speaker/-thomas-perfumo
Speaker,"Maximillian ""M""  Schwartz",CEO,Anvil Research Labs,,,No,,,anvil.xyz,https://consensus.coindesk.com/agenda/speaker/-max
Speaker,Adeniyi Abiodun,Co-Founder & CPO,Mysten Labs,,,No,,,,https://consensus.coindesk.com/agenda/speaker/-adeniyi-abiodun
Speaker,Bhushit Agarwal,Senior Staff Software Engineer,Circle,,,No,,,,https://consensus.coindesk.com/agenda/speaker/-bhushit-agarwal
Speaker,Janis Aguilar,Head of Acceleration Investments,CV VC,,,No,,,,https://consensus.coindesk.com/agenda/speaker/-janis-aguilar
Speaker,Hussein Ahmed,Founder and CEO,LIMITED,,,No,https://x.com/husseinthoughts,https://www.linkedin.com/in/husseinahmed/,https://limitedapp.com/,https://consensus.coindesk.com/agenda/speaker/-hussein-ahmed
Speaker,James Aitchison,Founder & CIO,Caerus Global Management,,,No,,https://www.linkedin.com/in/aitchisonj/,caerusgm.com,https://consensus.coindesk.com/agenda/speaker/-james-aitchison
Speaker,Boris Alergant,Head of GTM,Babylon Labs,,,No,https://x.com/Borissimo,https://www.linkedin.com/in/borisalergant/,,https://consensus.coindesk.com/agenda/speaker/-boris-alergant
Speaker,Stephen Alpher,"Managing Editor, Markets",CoinDesk,,,No,SteveAlpher,https://www.linkedin.com/in/stephen-alpher-820a1327,Coindesk.com,https://consensus.coindesk.com/agenda/speaker/-stephen-alpher
Speaker,Mitchell Amador,CEO,Immunefi,,,No,@MitchellAmador,,https://mitchellamador.com,https://consensus.coindesk.com/agenda/speaker/-mitchell-amado
Speaker,Louis Amira,CEO,Circuit & Chisel,,,No,louisamira,https://www.linkedin.com/in/louisamira/,,https://consensus.coindesk.com/agenda/speaker/-louis-amira
Speaker,Henri Arslanian,Co-Founder,Nine Blocks Capital Management,,,No,HenriArslanian,https://ae.linkedin.com/in/henriarslanian,https://www.henriarslanian.com,https://consensus.coindesk.com/agenda/speaker/-henri-arslanian
Speaker,Aoyon Ashraf,Global Head of News,CoinDesk,,,No,Aoyon_A,Aoyon Ashraf,coindesk.com,https://consensus.coindesk.com/agenda/speaker/-aoyon-ashraf
Speaker,Yoni Assia,Co-Founder & CEO,eToro,,,No,yoniassia,https://www.linkedin.com/in/yoniassia/,https://etoro.com/en-us,https://consensus.coindesk.com/agenda/speaker/-yoni-assia
Speaker,Jason Atkins,Chief Commercial Officer,Auros,,,No,0xjatkins,https://www.linkedin.com/in/jason-atkins-12350376/,https://www.auros.global/,https://consensus.coindesk.com/agenda/speaker/-jason-atkins
Speaker,Evan Auyang,Group President,Animoca Brands,,,No,,https://www.linkedin.com/in/evanauyang,,https://consensus.coindesk.com/agenda/speaker/-evan-auyang
Speaker,Lauren Baca,"Global VP Marketing, Xsolla Advertising & Rewards",Xsolla,,,No,,https://www.linkedin.com/in/laurenfrisciabaca/,,https://consensus.coindesk.com/agenda/speaker/-xsolla-speaker-3
Speaker,Dr. Leemon Baird,Co-Founder,Hedera,,,No,leemonbaird,https://www.linkedin.com/in/leemon-baird/,hedera.com,https://consensus.coindesk.com/agenda/speaker/-leemon-baird
Speaker,Rajeev Bamra,"Global Head of Strategy, Digital Economy",Moody's Ratings,,,No,,https://www.linkedin.com/in/rajeevbamra,,https://consensus.coindesk.com/agenda/speaker/-rajeev-bamra
Speaker,Daniela Barbosa,General Manager of Decentralized Technologies,Linux Foundation,,,No,danielabarbosa,https://www.linkedin.com/in/danielabarbosa/,https://www.lfdecentralizedtrust.org/,https://consensus.coindesk.com/agenda/speaker/-daniela-barbosa
Speaker,Tobi Bauer,General Partner,TBV,,,No,tobiasTBV,https://www.linkedin.com/in/tobias-man-bauer/,tbv.xyz,https://consensus.coindesk.com/agenda/speaker/-tobi-bauer
Speaker,Billy Beach,Co-Founder,Trusted Smart Chain,,,No,,,,https://consensus.coindesk.com/agenda/speaker/-billy-beach
Speaker,Simone Berry,Founder & CEO,Playnet,,,No,playnetofficial,https://www.linkedin.com/in/berrysimone/,www..playnet.xyz,https://consensus.coindesk.com/agenda/speaker/-simone-berry
Speaker,Anna Bertha,Director | Investments,DCG,,,No,,https://www.linkedin.com/in/annabertha/,https://dcg.co/,https://consensus.coindesk.com/agenda/speaker/-anna-bertha
Speaker,Daniel Blackmore,Chief Commercial Officer,Glassnode,,,No,,https://www.linkedin.com/in/danielthomasblackmore/,,https://consensus.coindesk.com/agenda/speaker/-daniel-blackmore
Speaker,Michael Blaugrund,Strategic Initiatives,ICE,,,No,,https://www.linkedin.com/in/michael-blaugrund/,,https://consensus.coindesk.com/agenda/speaker/-michael-blaugrund
Speaker,Alexander Blume,Founder & CEO,Two Prime,,,No,Two_Prime,https://www.linkedin.com/company/twoprime/,twoprime.com,https://consensus.coindesk.com/agenda/speaker/-alex-blume
Speaker,Samantha Bohbot,Partner & Chief Growth Officer,RockawayX,,,No,samantha_bohbot,www.linkedin.com/in/samantha-bohbot,https://rockawayx.com,https://consensus.coindesk.com/agenda/speaker/-samantha-bohbot
Speaker,Nom BONK,Core Contributor,BONK,,,No,,,,https://consensus.coindesk.com/agenda/speaker/-nom-bonk
Speaker,Samuel Breckenridge,PhD Student,Cornell Tech,,,No,sjbreck,https://www.linkedin.com/in/samuel-breckenridge-4729b719a/,https://www.cs.cornell.edu/~sjb373/,https://consensus.coindesk.com/agenda/speaker/-samuel-breckenridge
Speaker,Paul Brody,Founder / CEO,Nightfall Networks,,,No,pbrody,https://www.linkedin.com/in/pbrody,,https://consensus.coindesk.com/agenda/speaker/-paul-brody
Speaker,Sam Broner,Founder,The Better Money Company,,,No,SamBroner,https://www.linkedin.com/in/sambroner/,https://bettermoney.com/,https://consensus.coindesk.com/agenda/speaker/-sam-broner
Speaker,Jake Brukhman,Founder & CEO,CoinFund,,,No,,,,https://consensus.coindesk.com/agenda/speaker/-jake-brukhman
Speaker,Michael Bucella,Co-Founder & Managing Partner,Neoclassic Capital,,,No,mikebucella,michaelbucella,www.neoclassic.capital,https://consensus.coindesk.com/agenda/speaker/-michael-bucella
Speaker,Mike Bursell,Executive Director,Confidential Computing Consortium,,,No,,https://www.linkedin.com/in/mikebursell/,https://confidentialcomputing.io,https://consensus.coindesk.com/agenda/speaker/-mike-bursell
Speaker,William Byrnes,Professor & Financial Journalist,Texas A&M Law School,,,No,williambyrnes,www.linkedin.com/in/williambyrnes,https://www.thinkadvisor.com/author/profile/william-h.-byrnes/,https://consensus.coindesk.com/agenda/speaker/-william-byrnes
Speaker,Maya Caddle,Head of Payments - Business Development & Partnerships,Solana,,,No,CaddleMaya,https://www.linkedin.com/in/maya-caddle/,,https://consensus.coindesk.com/agenda/speaker/-maya-caddle
Speaker,Leah Callon Butler,Director,Emfarsis,,,No,leah_cb,https://www.linkedin.com/in/leahcallonbutler/,,https://consensus.coindesk.com/agenda/speaker/-leah-callon-butler
Speaker,Austin Campbell,Founder & Managing Partner,Zero Knowledge Group,,,No,austincampbell,https://www.linkedin.com/in/jesseaustincampbell/,https://www.zero-knowledge.com/,https://consensus.coindesk.com/agenda/speaker/-austin-campbell
Speaker,Cody Carbone,CEO,The Digital Chamber,,,No,https://x.com/CodyCarboneDC,https://www.linkedin.com/in/codycarbone/,https://digitalchamber.org/,https://consensus.coindesk.com/agenda/speaker/-cody-carbone
Speaker,Nathan Catania,Partner,XReg Consulting,,,No,,https://www.linkedin.com/in/nathan-catania/,xreg.consulting,https://consensus.coindesk.com/agenda/speaker/-nathan-catania
Speaker,Raja Chakravorti,Chief Business Officer,Stellar Development Foundation,,,No,,linkedin.com/rajachakravorti,,https://consensus.coindesk.com/agenda/speaker/-raja-chakravorti
Speaker,Stephanie Chan,Senior Business Project Management Analyst,Wyoming Stable Token Commission,,,No,heystephchan,heystephchan,www.stabletoken.wyo.gov,https://consensus.coindesk.com/agenda/speaker/-stephanie-chan
Speaker,Frank Chaparro,Head of Content and Special Projects,GSR,,,No,@fintechfrank,,gsr.io,https://consensus.coindesk.com/agenda/speaker/-frank-chaparro
Speaker,Sahil Chaturvedi,Founding Designer,Ark Labs,,,No,sahilc0,sahilc0,sahilc.com,https://consensus.coindesk.com/agenda/speaker/-sahil-chaturvedi
Speaker,Gracy Chen,CEO,Bitget,,,No,GracyBitget,https://www.linkedin.com/in/gracychen/,https://www.bitget.com/,https://consensus.coindesk.com/agenda/speaker/-gracy-chen
Speaker,Rashan Colbert,"Director, US Policy",Crypto Council for Innovation,,,No,Rashan,https://www.linkedin.com/in/rashan-a-colbert-b2a00b35/,,https://consensus.coindesk.com/agenda/speaker/-rashan-colbert
Speaker,Matt Cole,Chairman & CEO,Strive,,,No,ColeMacro,https://www.linkedin.com/in/mattcole-cfa/,https://strive.com/,https://consensus.coindesk.com/agenda/speaker/-matt-cole
Speaker,Reeve Collins,Co-founder,"Tether, STBL, and WeFi",,,No,https://x.com/Reeve_Collins,https://www.linkedin.com/in/reevecollins/,https://reevecollins.com/,https://consensus.coindesk.com/agenda/speaker/-reeve-collins
Speaker,Mike Coner,Founder,Blockticity,,,No,Blockticity,https://www.linkedin.com/company/blockticity,https://blockticity.io/,https://consensus.coindesk.com/agenda/speaker/-mike-coner
Speaker,Rachel Conlan,Global Chief Marketing Officer,Binance,,,No,https://x.com/rachelconlan?s=21,http://linkedin.com/in/rachelconlan,,https://consensus.coindesk.com/agenda/speaker/-rachel-conlan
Speaker,Corey Cooper,"Senior Manager, Developer Relations and Ecosystem Marketing",Circle,,,No,,https://www.linkedin.com/in/ccooper82/,,https://consensus.coindesk.com/agenda/speaker/-corey-cooper
Speaker,Taylor Davidson,Associate Attorney,Lewis Brisbois Bisgaard & Smith LLP,,,No,,https://www.linkedin.com/in/taylor-davidson-esq-9782231a8,https://lewisbrisbois.com/attorneys/davidson-taylor-a,https://consensus.coindesk.com/agenda/speaker/-taylor-davidson
Speaker,Nikhilesh De,Editor,CoinDesk,,,No,,,,https://consensus.coindesk.com/agenda/speaker/-nikhilesh-de
Speaker,David Dewhurst,Program Manager,DARPA,,,No,,,,https://consensus.coindesk.com/agenda/speaker/-david-dewhurst
Speaker,Katherine Dowling,President,Bitcoin Standard Treasury Company,,,No,,https://www.linkedin.com/in/katherine-dowling/,,https://consensus.coindesk.com/agenda/speaker/-katherine-dowling
Speaker,Tyler Ehler,Founder and CEO,Tranquil Healthcare,,,No,,,,https://consensus.coindesk.com/agenda/speaker/-tyler-ehler
Speaker,Mazen ElJundi,Global Business Head of Investments,Revolut,,,No,,,,https://consensus.coindesk.com/agenda/speaker/-maz-eljundi
Speaker,Sam Ewen,"Head of Media Innovation, Multimedia & Social",CoinDesk,,,No,SamEwen,,,https://consensus.coindesk.com/agenda/speaker/-sam-ewen
Speaker,Amanda Fabiano,COO,Nakamoto Inc,,,No,@_amanda_fab,,nakamoto.com,https://consensus.coindesk.com/agenda/speaker/-amanda-fabiano
Speaker,Felix Fan,CEO,Trust Wallet,,,No,felix_fan,https://www.linkedin.com/in/fanchiyinfelix/,https://trustwallet.com/,https://consensus.coindesk.com/agenda/speaker/-felix-fan
Speaker,Chengdiao Fan,Founder,Pi Network,,,No,,,minepi.com,https://consensus.coindesk.com/agenda/speaker/-pi-network-speaker
Speaker,Yaya J. Fanusie,Global Head of Policy,Aleo Network Foundation,,,No,SignCurve,https://www.linkedin.com/in/yaya-jata-fanusie-87901738/,,https://consensus.coindesk.com/agenda/speaker/-yaya-fanusie
Speaker,Betsy Farber,"Senior Editor, Content Operations & Strategy",CoinDesk,,,No,,,,https://consensus.coindesk.com/agenda/speaker/-betsy-farber
Speaker,Ben  Fielding,Co-Founder,Gensyn,,,No,,,,https://consensus.coindesk.com/agenda/speaker/-ben-fielding
Speaker,Travis Flaherty,Co-Founder,Trusted Smart Chain,,,No,,,,https://consensus.coindesk.com/agenda/speaker/-travis-flaherty
Speaker,Angus Fletcher,Global Head of Digital Asset Solutions,State Street,,,No,,https://www.linkedin.com/in/fletcherangus/,,https://consensus.coindesk.com/agenda/speaker/-angus-fletcher
Speaker,Alasdair Foster,CEO,Bullish Capital,,,No,,,www.bullish.com,https://consensus.coindesk.com/agenda/speaker/-alasdair-foster
Speaker,Lisa Francoeur,Secretary of Education | Inventor,New York State Assembly Ways & Means Cryptocurrency & Digital Finance Advisory Committee | DeFi All Odds,,,No,,https://www.linkedin.com/in/lisafrancoeur/,https://www.defiallodds.com,https://consensus.coindesk.com/agenda/speaker/-lisa-francoeur
Speaker,Brant Frank,Co-Founder,Trusted Smart Chain,,,No,,,,https://consensus.coindesk.com/agenda/speaker/-brant-frank
Speaker,Lindsay Fraser,Chief Policy Officer,The Blockchain Association,,,No,lindsayfraser0,https://www.linkedin.com/in/lindsay-fraser2/,,https://consensus.coindesk.com/agenda/speaker/-lindsay-fraser
Speaker,Brent Fulfer,Co-Founder & General Partner,TBV,,,No,brent_fulfer,https://www.linkedin.com/in/brent-fulfer/,https://tbv.xyz,https://consensus.coindesk.com/agenda/speaker/-brent-fulfer
Speaker,Lorien Gabel,Co-Founder & CEO,Figment,,,No,lorientree,https://www.linkedin.com/in/loriengabel/,https://figment.io/,https://consensus.coindesk.com/agenda/speaker/-lorien-gabel
Speaker,Gabriele Galli,"SVP of Sales, BD and Partnerships",Mesh,,,No,ggallixyz,https://www.linkedin.com/in/gabrielegalliprofile/,meshpay.com,https://consensus.coindesk.com/agenda/speaker/-gabriele-galli
Speaker,Jamie Gill,Senior Vice President,Luxor Technology,,,No,,www.linkedin.com/in/jgill42/,luxor.tech,https://consensus.coindesk.com/agenda/speaker/-jamie-gill
Speaker,Tim Grant,CEO,Deus X Capital,,,No,,https://www.linkedin.com/in/tim-j-grant/,www.deusx.capital,https://consensus.coindesk.com/agenda/speaker/-tim-grant
Speaker,Catherine Gu,"Head of Product, Digital Assets",Solana Foundation,,,No,,https://www.linkedin.com/in/wcgu/,,https://consensus.coindesk.com/agenda/speaker/-catherine-gu
Speaker,Tamara Haasen,President,Input | Output (IO),,,No,InputOutputHK,https://www.linkedin.com/in/tamarahaasen/,https://iohk.io/,https://consensus.coindesk.com/agenda/speaker/-tamara-haasen
Speaker,Steven Haft,Head of Global Partnerships,Consensys,,,No,OGShaft1,https://www.linkedin.com/in/stevenhaft,,https://consensus.coindesk.com/agenda/speaker/-steven-haft
Speaker,Jesse Hamilton,"Deputy Managing Editor, Global Policy & Regulation",CoinDesk,,,No,Jesseahamilton,Jesseahamilton,,https://consensus.coindesk.com/agenda/speaker/-jesse-hamilton
Speaker,Ron Hammond,Head of Policy and Advocacy,Wintermute,,,No,ronwhammond,https://www.linkedin.com/in/ron-hammond-38ab8a3a/,,https://consensus.coindesk.com/agenda/speaker/-ron-hammond
Speaker,Peter Hans,Partner,Hack VC,,,No,peterhansVC,https://www.linkedin.com/in/peter-hans-5126724/,https://www.hack.vc/,https://consensus.coindesk.com/agenda/speaker/-peter-han
Speaker,Myles Harrison,Chief Product Officer,AMINA Bank,,,No,mylesharrison89,,www.aminagroup.com,https://consensus.coindesk.com/agenda/speaker/-myles-harrison
Speaker,Richard  Harrison,"VP, Banking and Payment Partnerships",MoonPay,,,No,,linkedin.com/in/richardharrison1,https://www.moonpay.com/en-gb,https://consensus.coindesk.com/agenda/speaker/-richard-harrison
Speaker,Mike Harvey,Head of Franchise Trading,Galaxy,,,No,,,,https://consensus.coindesk.com/agenda/speaker/-jason-urban
Speaker,Ray Hernandez,"Sr VP, Business Development",Consensys,,,No,,https://www.linkedin.com/in/ray-hernandez/,https://consensys.io/,https://consensus.coindesk.com/agenda/speaker/-ray-hernandez
Speaker,Chris Hewish,President,Xsolla,,,No,,https://www.linkedin.com/in/chrishewish/,,https://consensus.coindesk.com/agenda/speaker/-chris-hewish
Speaker,Jim Hiltner,"Co-Founder, Head of Business Development",Superstate,,,No,@HiltnerJim,,,https://consensus.coindesk.com/agenda/speaker/-jim-hiltner
Speaker,Rep. Steven Horsford,Congressman,US House of Representatives,,,No,RepHorsford,,https://horsford.house.gov/,https://consensus.coindesk.com/agenda/speaker/-rep-steven-horsford
Speaker,Hunter Horsley,Co-Founder & CEO,"Bitwise Asset Management, Inc.",,,No,HHorsley,https://www.linkedin.com/in/hunter-horsley-11512721/,https://bitwiseinvestments.com/,https://consensus.coindesk.com/agenda/speaker/-hunter-horsley
Speaker,Mike Horton,Project Creator,GEODNET,,,No,mikeahorton,mikeahorton,https://geodnet.com/,https://consensus.coindesk.com/agenda/speaker/-mike-horton
Speaker,Carole House,CEO (Former White House Special Advisor),Penumbra Strategies,,,No,,https://www.linkedin.com/in/carole-house-47471a40,,https://consensus.coindesk.com/agenda/speaker/-carole-house
Speaker,Paul Hsu,Founder & CEO,Decasonic,,,No,paulhsu,paulhsu,,https://consensus.coindesk.com/agenda/speaker/-paul-hsu
Speaker,Andrew Hughes,VP of Global Standards,"FaceTec, Inc",,,No,,,www.facetec.com,https://consensus.coindesk.com/agenda/speaker/-andrew-hughes
Speaker,"Simeon Hyman, CFA",Global Investment Strategist,ProShares,,,No,ProShares,ProShares,www.proshares.com,https://consensus.coindesk.com/agenda/speaker/-simeon-hyman
Speaker,Augie Ilag,"Partner, Head of Asia",CMT Digital,,,No,AugieIlag,https://www.linkedin.com/in/aug78b4a431/,cmt.digital,https://consensus.coindesk.com/agenda/speaker/-augie-illag
Speaker,Muneeb Imtiaz,Consumer Cash & Payments Lead,Coinbase,,,No,https://x.com/immuneeb,https://www.linkedin.com/in/muneeb-imtiaz-1911024b/,,https://consensus.coindesk.com/agenda/speaker/-muneeb-imtiaz
Speaker,Guy Itzhaki,CEO,Fhenix,,,No,guyitz,linkedin.com/in/guy-itzhaki,fhenix.io,https://consensus.coindesk.com/agenda/speaker/-guy-itzhaki
Speaker,Xiao-Xiao J. Zhu,President,Jupiter,,,No,xxjzhu,https://www.linkedin.com/in/xiao-xiao-j-zhu-12078730/,jup.ag,https://consensus.coindesk.com/agenda/speaker/-xiao-xiao-j-zhu
Speaker,Dr. Sachin Jaitly,General Partner,Morgan Creek Digital,,,No,sjaitly,https://www.linkedin.com/in/sjaitly?utm_source=share_via&utm_content=profile&utm_medium=member_ios,https://www.morgancreekcap.com/morgan-creek-digital/,https://consensus.coindesk.com/agenda/speaker/-dr-sachin-jaitly
Speaker,Rytis Joseph Jan,Head of Web3,Xsolla,,,No,,https://www.linkedin.com/in/rytis-joseph-jan/,,https://consensus.coindesk.com/agenda/speaker/-rytis-joseph-jan
Speaker,Ubair Javaid,Founder and CEO,Nomyx,,,No,,,,https://consensus.coindesk.com/agenda/speaker/-ubair-javaid
Speaker,Linda Jeng,Chief Legal & Policy Officer,Aave Labs,,,No,Lindajeng1,https://www.linkedin.com/in/linda-jeng-4682b3/,,https://consensus.coindesk.com/agenda/speaker/-linda-jeng
Speaker,Maurice Johnson,Partner,Lewis Brisbois Bisgaard & Smith LLP,,,No,,https://www.linkedin.com/in/maurice-johnson-809a4334,https://lewisbrisbois.com/attorneys/johnson-maurice,https://consensus.coindesk.com/agenda/speaker/-maurice-johnson
Speaker,Alexis Johnson,Co-Founder & CEO,Light Node Ventures,,,No,Pulchramens,https://www.linkedin.com/in/alexisjohnson92/,www.lightnodeventures.com,https://consensus.coindesk.com/agenda/speaker/-alexis-johnson
Speaker,David Johnston,Code Maintainer,Morpheus,,,No,DJohnstonEC,https://www.linkedin.com/in/davidajohnston/,https://mor.org/,https://consensus.coindesk.com/agenda/speaker/-david-johnston
Speaker,Anto Joseph,Principal Security Engineer,Eigen Labs,,,No,blocksec,https://www.linkedin.com/in/antojoseph,https://exp.hackintheblock.com/,https://consensus.coindesk.com/agenda/speaker/-anto-joseph
Speaker,Jolie Kahn,CEO,AVAX One,,,No,,https://www.linkedin.com/in/jolie-kahn-b108168/,https://avax-one.com/,https://consensus.coindesk.com/agenda/speaker/-jolie-kahn
Speaker,Elvie Kamalova,Founder,Blockstreet Capital,,,No,ElvieKamalova,https://www.linkedin.com/in/elvinak/,https://www.blockstreet.capital/,https://consensus.coindesk.com/agenda/speaker/-elvie-kamalova
Speaker,Anna  Kazlauskas,Co-Founder and CEO,Open Data Labs (creator of Vana),,,No,,,,https://consensus.coindesk.com/agenda/speaker/-anna-kazlauskas
Speaker,Marcin Kaźmierczak,Co-Founder,RedStone,,,No,,,,https://consensus.coindesk.com/agenda/speaker/-marcin-kamierczak
Speaker,Anthony Kelani,"Director, Ecosystem Growth",Circle,,,No,akelani,https://linkedin.com/in/akelani,,https://consensus.coindesk.com/agenda/speaker/-anthony-kelani
Speaker,Carl Kennedy,"Partner and Co-Chair, Financial Markets and Regulation Practice Group",Katten Muchin Rosenman LLP,,,No,,,,https://consensus.coindesk.com/agenda/speaker/-carl-kennedy
Speaker,Kara Kennedy,Global Co-Head of Kinexys,J.P. Morgan,,,No,,https://www.linkedin.com/in/karakennedy1,https://www.jpmorgan.com/kinexys/index,https://consensus.coindesk.com/agenda/speaker/-kara-kennedy
Speaker,Cole Kennelly,Founder & CEO,Volmex Labs,,,No,ColeGotTweets,https://www.linkedin.com/in/colekennelly,https://volmex.finance,https://consensus.coindesk.com/agenda/speaker/-cole-kennelly
Speaker,Ji Hun Kim,CEO,Crypto Council for Innovation,,,No,_jikim,https://www.linkedin.com/in/ji-hun-k-94568310/,https://cryptoforinnovation.org/,https://consensus.coindesk.com/agenda/speaker/-ji-hun-kim
Speaker,Katherine Kirkpatrick Bos,Starkware,General Counsel,,,No,kkirkbos,https://www.linkedin.com/in/katherine-kirkpatrick/,,https://consensus.coindesk.com/agenda/speaker/-katherine-kirkpatrick-bos
Speaker,Nicolas Kokkalis,Founder,Pi Network,,,No,,,minepi.com,https://consensus.coindesk.com/agenda/speaker/-nicolas-kokkalis
Speaker,Tomek Kowalski,Head of Crypto Accounting,CoinTracker,,,No,TheCrypto_CFO,https://www.linkedin.com/in/tomek-kowalski-125631293/,,https://consensus.coindesk.com/agenda/speaker/-tomek-kowalski
Speaker,Dr. Bernhard Kronfellner,Partner & AD,"Digital Assets, Blockchain, Frontier Tech",,,No,,https://www.linkedin.com/in/dr-bernhard-kronfellner-b27b19/,,https://consensus.coindesk.com/agenda/speaker/-dr-bernhard-kronfellner
Speaker,Rob Krugman,Chief Digital Officer,Broadridge,,,No,,,,https://consensus.coindesk.com/agenda/speaker/-rob-krugman
Speaker,Chris Kuiper,VP Research Fidelity Digital Assets,Fidelity Digital Assets,,,No,https://x.com/ChrisJKuiper,https://www.linkedin.com/in/fidelitychriskuiper/,,https://consensus.coindesk.com/agenda/speaker/-chris-kuiper
Speaker,Erik LaPaglia,Managing Partner,NextTech Ventures,,,No,eriklapaglia,https://www.linkedin.com/in/eriklapaglia,,https://consensus.coindesk.com/agenda/speaker/-erik-lapaglia
Speaker,Dave  LaValle,President,CoinDesk Indices & Data,,,No,,,,https://consensus.coindesk.com/agenda/speaker/-dave-lavalle
Speaker,Alex Leishman,CEO,River,,,No,leishman,,river.com,https://consensus.coindesk.com/agenda/speaker/-alex-leishman
Speaker,Jon Lerner,Co-Founder & CEO,CoinTracker,,,No,jon_lerner,https://www.linkedin.com/in/jonlerner,https://www.cointracker.io/,https://consensus.coindesk.com/agenda/speaker/-jon-lerner
