name,title,category,photoUrl,profileLink
Paul Atkins,"Chairman, U.S. Securities and Exchange Commission",Government / Regulator,https://images.squarespace-cdn.com/content/v1/66c6171d65f1fc197d8b9dc2/f3ca6e7d-ccb9-4cb2-9848-bffac058c300/paul-atkins_0.jpg?format=2500w,
Hester M. Peirce,"Commissioner, U.S. Securities and Exchange Commission",Government / Regulator,https://images.squarespace-cdn.com/content/v1/66c6171d65f1fc197d8b9dc2/d1fe6b44-036c-43a9-bff4-52bc92004c03/hpeirce.jpg?format=2500w,
Michael Selig,"Chairman, Commodity Futures Trading Commission",Government / Regulator,https://images.squarespace-cdn.com/content/v1/66c6171d65f1fc197d8b9dc2/d2d1202f-4035-40d9-8f04-0de3863a3d1d/Chairman+Selig+Headshot.jpg?format=2500w,
Gov. Wes Moore,(D-MD),Government / Elected Official,https://images.squarespace-cdn.com/content/v1/66c6171d65f1fc197d8b9dc2/9d632eda-6986-4cb6-b0a2-6365e240d8a2/governor-wes-moore-official-portrait.jpg?format=2500w,
Sen. Angela Alsobrooks,(D-MD),Government / Elected Official,https://images.squarespace-cdn.com/content/v1/66c6171d65f1fc197d8b9dc2/4f4c0d20-ed2b-4b5c-a48a-db355559832e/31809214-d93c-4ca5-9caf-038145fb769f.jpg?format=2500w,
Sen. Katie Britt,(R-AL),Government / Elected Official,https://images.squarespace-cdn.com/content/v1/66c6171d65f1fc197d8b9dc2/50d046d9-a0e2-4ef4-ad76-c8bea307332e/a03fa9b3-2ea5-4691-a957-6033bc43d85a.jpg?format=2500w,
Sen. Ted Budd,(R-NC),Government / Elected Official,https://images.squarespace-cdn.com/content/v1/66c6171d65f1fc197d8b9dc2/34ca8f28-0f74-40f2-8c1a-5f4681b4b60d/13a30301-1ccb-482e-8652-eab3d6bddd8b.jpg?format=2500w,
Sen. Kirsten Gillibrand,(D-NY),Government / Elected Official,https://images.squarespace-cdn.com/content/v1/66c6171d65f1fc197d8b9dc2/deb01b7e-a693-4210-8aad-4087b8328052/170728-kirsten-gillibrand-mn-1325.png?format=2500w,
Sen. Steve Daines,(R-MT),Government / Elected Official,https://images.squarespace-cdn.com/content/v1/66c6171d65f1fc197d8b9dc2/1f6f3d33-7e94-47ff-b350-811a049d44af/Unknown+%281%29.jpeg?format=2500w,
Sen. Bill Hagerty,(R-TN),Government / Elected Official,https://images.squarespace-cdn.com/content/v1/66c6171d65f1fc197d8b9dc2/1206cfde-312d-4eba-9b71-4bbaeba8f086/Bill+Hagerty+HEad+shot.jpg?format=2500w,
Sen. Jon Husted,(R-OH),Government / Elected Official,https://images.squarespace-cdn.com/content/v1/66c6171d65f1fc197d8b9dc2/4e184776-1ef4-4cea-ab67-a1f4746667c3/2c7f6581-e7cb-474e-8a74-b24b8353ba91.png?format=2500w,
Sen. Cynthia Lummis,(R-WY),Government / Elected Official,https://images.squarespace-cdn.com/content/v1/66c6171d65f1fc197d8b9dc2/12399b94-f9d2-46c7-a02a-30f0daf82b16/e7b0d345-9ade-4be0-a198-240435468513.jpg?format=2500w,
Sen. Bernie Moreno,(R-OH),Government / Elected Official,https://images.squarespace-cdn.com/content/v1/66c6171d65f1fc197d8b9dc2/5c30ce6b-6528-4518-98de-99b227a4a6f8/Unknown.jpg?format=2500w,
Sen. Tim Scott,"Chairman, U.S Senate Committee on Banking, Housing, and Urban Affairs, (R-SC)",Government / Elected Official,https://images.squarespace-cdn.com/content/v1/66c6171d65f1fc197d8b9dc2/a952e4ac-f85b-46ce-b76f-defdb2e9ce50/scott_official_small.jpg?format=2500w,
Majority Whip Tom Emmer,(R-MN),Government / Elected Official,https://images.squarespace-cdn.com/content/v1/66c6171d65f1fc197d8b9dc2/d5aa655c-3ce5-465d-8c50-212de82861b2/Emmer+Official+Photo.jpg?format=2500w,
Rep. Nick Begich,(R-AK),Government / Elected Official,https://images.squarespace-cdn.com/content/v1/66c6171d65f1fc197d8b9dc2/4eeafaf4-f003-4008-8518-6c1ac80467b1/5fce958e-674d-4d28-9708-577a0caa7f52.jpg?format=2500w,
Rep. Nikki Budzinski,(D-IL),Government / Elected Official,https://images.squarespace-cdn.com/content/v1/66c6171d65f1fc197d8b9dc2/8c7cb2b8-5859-4aec-b7a9-2a3ea0b16153/119th-Budzinski-Headshot.jpg?format=2500w,
Rep. Janelle Bynum,(D-OR),Government / Elected Official,https://images.squarespace-cdn.com/content/v1/66c6171d65f1fc197d8b9dc2/4c4e5844-4caf-453d-920d-04ec9763b68c/21d4edfe-d393-40a1-961b-9bcabba12602.png?format=2500w,
Rep. Buddy Carter,(R-GA),Government / Elected Official,https://images.squarespace-cdn.com/content/v1/66c6171d65f1fc197d8b9dc2/608168cf-e8bc-4be9-a941-c2bd290cc53c/Official_portrait_of_Congressman_Buddy_Carter_2025.jpg?format=2500w,
Rep. Don Davis,(D-NC),Government / Elected Official,https://images.squarespace-cdn.com/content/v1/66c6171d65f1fc197d8b9dc2/978247dc-af3e-4e56-a766-ad87c1d08d3e/rep_don_davis_official.jpg?format=2500w,
Rep. Monica De La Cruz,(R-TX),Government / Elected Official,https://images.squarespace-cdn.com/content/v1/66c6171d65f1fc197d8b9dc2/6871191d-df9b-4a42-af5c-e827abe6512b/4229ceb4-042c-497a-99c1-0fc6f598b977.jpg?format=2500w,
Rep. Warren Davidson,(R-OH),Government / Elected Official,https://images.squarespace-cdn.com/content/v1/66c6171d65f1fc197d8b9dc2/eb3abbfb-4410-4032-83d2-ea38ff8de837/1765394504471-98e40cd0-acd0-4ef6-8c56-b6c79ef6b05a_1.png?format=2500w,
Rep. Byron Donalds,(R-FL),Government / Elected Official,https://images.squarespace-cdn.com/content/v1/66c6171d65f1fc197d8b9dc2/2cd9af03-d085-4da8-ab67-6153c3304dd8/Rep._Byron_Donalds_-_117th_Congress.jpg?format=2500w,
Rep. Troy Downing,(R-MT),Government / Elected Official,https://images.squarespace-cdn.com/content/v1/66c6171d65f1fc197d8b9dc2/2de6bfec-372d-4cd4-8f89-2a7e13f85d1c/ccb0b689-74da-405a-bed2-442caf8ebc3a.jpg?format=2500w,
Rep. Vince Fong,(R-CA),Government / Elected Official,https://images.squarespace-cdn.com/content/v1/66c6171d65f1fc197d8b9dc2/0ff0990a-f4cd-4ee8-b1a8-87cde061a3e1/Vince_Fong_official_congressional_photograph_118th_congress.jpg?format=2500w,
Rep. Mike Flood,(R-NE),Government / Elected Official,https://images.squarespace-cdn.com/content/v1/66c6171d65f1fc197d8b9dc2/225034de-66af-4560-b3ac-8b7521eefae2/eba3ce61-bd57-45f5-a3ce-294d25ac26a8.jpg?format=2500w,
Rep. Harriet Hageman,(R-WY),Government / Elected Official,https://images.squarespace-cdn.com/content/v1/66c6171d65f1fc197d8b9dc2/067f7347-aee4-4a3e-a0ae-c85309149a36/a7195f9e-4e57-4a81-972b-f9b961173893.jpg?format=2500w,
Rep. Pat Harrigan,(R-NC),Government / Elected Official,https://images.squarespace-cdn.com/content/v1/66c6171d65f1fc197d8b9dc2/41e3b7b6-e2fb-4271-b523-2b26d5e3593f/CongressmanPatHarriganPortrait.jpg?format=2500w,
Rep. Steven Horsford,(D-NV),Government / Elected Official,https://images.squarespace-cdn.com/content/v1/66c6171d65f1fc197d8b9dc2/61077d77-f303-4012-bf82-0a5639ed98b3/2023-01-19_np_0019_re.jpg?format=2500w,
Rep. Dusty Johnson,(R-SD),Government / Elected Official,https://images.squarespace-cdn.com/content/v1/66c6171d65f1fc197d8b9dc2/b7ae0dc0-0065-43a0-b8b1-2a959e4891aa/117th+Official+Headshot+FINAL.jpg?format=2500w,
Rep. Young Kim,(R-CA),Government / Elected Official,https://images.squarespace-cdn.com/content/v1/66c6171d65f1fc197d8b9dc2/d5bc1911-039f-48fb-a494-39f4653b441a/f3bb491c-4d01-476d-b83e-dd7ea7d7ddec.jpg?format=2500w,
Rep. Sam Liccardo,(D-CA),Government / Elected Official,https://images.squarespace-cdn.com/content/v1/66c6171d65f1fc197d8b9dc2/2141d2f1-8324-4d73-aa6f-df38d46fce70/liccardo.jpeg.webp?format=2500w,
Rep. Ryan Mackenzie,(R-PA),Government / Elected Official,https://images.squarespace-cdn.com/content/v1/66c6171d65f1fc197d8b9dc2/7276c62e-7eb4-4877-8b35-746ad04249c6/mackenzie.jpeg-1.png?format=2500w,
Rep. Max Miller,(R-OH),Government / Elected Official,https://images.squarespace-cdn.com/content/v1/66c6171d65f1fc197d8b9dc2/1636b162-16b0-4347-84bb-64872a774199/70865d51-74f3-4d36-838b-65800542f639.jpg?format=2500w,
Rep. Kristen McDonald Rivet,(D-MI),Government / Elected Official,https://images.squarespace-cdn.com/content/v1/66c6171d65f1fc197d8b9dc2/b44adf2d-8180-4448-bc74-6b523c080d85/American+Flag.jpg?format=2500w,
Rep. Barry Moore,(R-AL),Government / Elected Official,https://images.squarespace-cdn.com/content/v1/66c6171d65f1fc197d8b9dc2/c964f8c4-3b47-4904-8083-a7c3fd40715d/BarryMooreheadshot.png?format=2500w,
Rep. Bryan Steil,(R-WI),Government / Elected Official,https://images.squarespace-cdn.com/content/v1/66c6171d65f1fc197d8b9dc2/8f40ce09-e04b-48ea-bed5-1cc21a2a2bd7/e76f1e52-f601-40c1-818b-34c59d1f5101.jpg?format=2500w,
Rep. Haley Stevens,(D-MI),Government / Elected Official,https://images.squarespace-cdn.com/content/v1/66c6171d65f1fc197d8b9dc2/bb0a66f2-e7b9-4d7f-8583-c374093cf742/f3869e42-fe92-4af8-8598-2bdfcccdfa36.jpg?format=2500w,
Rep. Shri Thanedar,(D-MI),Government / Elected Official,https://images.squarespace-cdn.com/content/v1/66c6171d65f1fc197d8b9dc2/c2e6dbc8-122c-4b4e-9b37-56476c39cb72/rep-shri_thanedar-118th_congress.jpg?format=2500w,
Rep. William Timmons,(R-SC),Government / Elected Official,https://images.squarespace-cdn.com/content/v1/66c6171d65f1fc197d8b9dc2/1e800179-648d-4c5e-af17-0c49909a519b/William+Timmons+Headshot.jpg?format=2500w,
Rep. GT Thompson,(R-PA),Government / Elected Official,https://images.squarespace-cdn.com/content/v1/66c6171d65f1fc197d8b9dc2/9e7f69a1-8262-44ad-8e4d-f34f305d52ed/a52103bf-d747-4c08-9440-e535e505e3ac.jpg?format=2500w,
Rep. Suhas Subramanyam,(D-VA),Government / Elected Official,https://images.squarespace-cdn.com/content/v1/66c6171d65f1fc197d8b9dc2/e8a61432-ffdc-404b-9a63-d8c8c443825d/61da19ee-71cf-4a6f-b558-6f02e9739b57.jpg?format=2500w,
Jonathan Brightbill,"General Counsel, U.S. Department of Energy",Other,https://images.squarespace-cdn.com/content/v1/66c6171d65f1fc197d8b9dc2/50b2f26f-e0c1-4dce-aa8c-3f8573276643/JONATHAN_BRIGHTBILL.jpg?format=2500w,
Secretary Lori Chavez-DeRemer,Department of Labor,Other,https://images.squarespace-cdn.com/content/v1/66c6171d65f1fc197d8b9dc2/5bf687fc-6c24-4183-997e-5e43349bb788/lori-chavez-deremer-official-portrait-high-res+%281%29.jpg?format=2500w,
Jonathan V. Gould,"Comptroller of the Currency, OCC",Government / Regulator,https://images.squarespace-cdn.com/content/v1/66c6171d65f1fc197d8b9dc2/1613f8cc-0b58-4f4b-8345-f4e06ca9ddf2/img-jonathan-gould-1000x1250.jpg?format=2500w,
Bill Guidera,"Deputy Assistant Secretary, ITA",Government / Regulator,https://images.squarespace-cdn.com/content/v1/66c6171d65f1fc197d8b9dc2/8216cdf4-6d09-40f5-b5b8-8bc7b6d321d6/Bill+Guidera-2.jpg?format=2500w,
Travis Hill,"Chairman, Federal Deposit Insurance Corporation",Government / Regulator,https://images.squarespace-cdn.com/content/v1/66c6171d65f1fc197d8b9dc2/bec82d08-c9d4-4c93-8c5f-bdbf607ab6a5/vice-chairman-travis-hill-hi-res.jpg?format=2500w,
Patrick Witt,"Executive Director, President's Council of Advisors for Digital Assets",Government / Regulator,https://images.squarespace-cdn.com/content/v1/66c6171d65f1fc197d8b9dc2/bd3201af-3d07-4a7e-87b5-0ba11850ccdb/Patrick+WITT+Headshot.jpg?format=2500w,
Tyler Williams,"Counselor, US Department of Treasury",Government / Regulator,https://images.squarespace-cdn.com/content/v1/66c6171d65f1fc197d8b9dc2/208dfcef-fc9a-44a3-91e5-3e76eb043e74/Tyler+Williams+001+V2.jpg?format=2500w,
Prof. Pierre Yared,"Acting Chair of the Council, Economic Advisers",Government / Regulator,https://images.squarespace-cdn.com/content/v1/66c6171d65f1fc197d8b9dc2/65b7f5b2-fe68-4b89-829f-2207f1a55d2f/Pierre_Yared_Official_Portrait.jpg?format=2500w,
Sen. Darius Brown,(D-DE),Government / Elected Official,https://images.squarespace-cdn.com/content/v1/66c6171d65f1fc197d8b9dc2/d564acbf-889f-4114-a42d-2a07c5120cfc/Senator+Brown+Headshot.jpg?format=2500w,
Sen. Ron L. Watson,(D-MD),Government / Elected Official,https://images.squarespace-cdn.com/content/v1/66c6171d65f1fc197d8b9dc2/338e87db-e43d-46cb-9e02-b69c98ffb3e1/73244843-b439-4a80-ad74-7740a43cec72.jpg?format=2500w,
Rep. Keith Ammon,(R-NH),Government / Elected Official,https://images.squarespace-cdn.com/content/v1/66c6171d65f1fc197d8b9dc2/8d2f1be2-0e6b-4e86-a115-6fe4b15a2d21/VyN9ljN__400x400.jpg?format=2500w,
E. David Burt,Premier of Bermuda,Government / Elected Official,https://images.squarespace-cdn.com/content/v1/66c6171d65f1fc197d8b9dc2/6f61a81a-4460-4319-9953-336194c2bdd8/815380bc-9b30-4b0a-8bae-e1b7aef5b5b2.jpg?format=2500w,
Lord Kulveer Ranger of Northwood,"Member, UK House of Lords",Government / Elected Official,https://images.squarespace-cdn.com/content/v1/66c6171d65f1fc197d8b9dc2/39615101-7d54-4d4c-8b53-4bb57dfccdfa/KR+headshot.jpg?format=2500w,
Trevor Bacon,"Founder and CEO, Parcl",Industry Executive,https://images.squarespace-cdn.com/content/v1/66c6171d65f1fc197d8b9dc2/8d00bc3f-8ed7-49bb-b6ba-ba48cf8228a6/Screen-Shot-2022-06-28-at-12.06.35-PM.png?format=2500w,
Connor Brown,"Managing Director, Bitcoin Policy Institute",Government / Regulator,https://images.squarespace-cdn.com/content/v1/66c6171d65f1fc197d8b9dc2/9d1ea43d-6b93-4219-8426-682dc51da566/Conner+Brown+.jpg?format=2500w,
Lisa Cameron,"Founder, UK-US Crypto Alliance | Former Chair UK Crypto APPG (ex-MP)",Industry Executive,https://images.squarespace-cdn.com/content/v1/66c6171d65f1fc197d8b9dc2/3031d42d-7cad-4316-b3a4-4efa44bcf466/Unknown+%284%29.jpeg?format=2500w,
Ethan Chan,"CEO and Co-Founder, Allium",Industry Executive,https://images.squarespace-cdn.com/content/v1/66c6171d65f1fc197d8b9dc2/2ef738dc-71db-480e-8430-790bd9407e89/ethan+prof+pict.jpg?format=2500w,
Jake Chervinsky,"Chief Executive Officer, Hyperliquid Policy Center",Industry Executive,https://images.squarespace-cdn.com/content/v1/66c6171d65f1fc197d8b9dc2/3e3e97d0-28fd-4995-91f1-22ee7ff47323/Chervinsky+Headshot+%28Full+Size%29.jpg?format=2500w,
Avery Ching,"Co-Founder and CEO, Aptos Labs",Industry Executive,https://images.squarespace-cdn.com/content/v1/66c6171d65f1fc197d8b9dc2/0f5a85cf-c155-4f2e-bbd9-c7a0539b9735/Avery_Ching_Aptos_Headshot+%281%29.jpg?format=2500w,
Alex Gluckowski,"Co-Founder and CEO,  Matter Labs | Co-Inventor,  ZKsync",Industry Executive,https://images.squarespace-cdn.com/content/v1/66c6171d65f1fc197d8b9dc2/010f0265-b1f2-4e9a-b3e7-06f598259dc8/AG.jpg?format=2500w,
Marcin Kazmierczak,"CEO and Co-founder, RedStone",Industry Executive,https://images.squarespace-cdn.com/content/v1/66c6171d65f1fc197d8b9dc2/e0b82c75-23ad-418a-9dcf-6ba8eff8a97b/Marcin_Kazmierczak_Picture_March2025.jpg?format=2500w,
Jeremy Levine,"Founder and CEO, Underdog",Industry Executive,https://images.squarespace-cdn.com/content/v1/66c6171d65f1fc197d8b9dc2/07623bef-99fa-4ddc-873e-ec53b737116f/1213515396521174.yQ4DGrQebDUPEb5uFYII_height640.png?format=2500w,
The Honorable Eugene A. Ludwig,"Founder and CEO, Cari Network",Industry Executive,https://images.squarespace-cdn.com/content/v1/66c6171d65f1fc197d8b9dc2/fab6d0f4-9937-4a4a-b1ff-446ef9f885e0/Eugene+Ludwig_Headshot.jpg?format=2500w,
Paul Neuner,"Founder and CEO, Telcoin",Industry Executive,https://images.squarespace-cdn.com/content/v1/66c6171d65f1fc197d8b9dc2/f3815036-2a4e-47ad-b758-c079e65a54ad/Unknown-3.jpeg?format=2500w,
Chris Pavlovski,"Founder and CEO, Rumble Inc.",Industry Executive,https://images.squarespace-cdn.com/content/v1/66c6171d65f1fc197d8b9dc2/9d11d164-6712-4378-9061-31a42ea711db/505fb8622c25ade1ac69fde8e860ce50.jpg?format=2500w,
Chas Rampenthal,"Chief Legal Officer and Co-Founder, Dinari",Industry Executive,https://images.squarespace-cdn.com/content/v1/66c6171d65f1fc197d8b9dc2/3320ca81-9b18-4da9-b970-feced9f3fb8b/Chas+Headshot.jpg?format=2500w,
Nikhil Raghuveera,"Co-Founder and CEO, Predicate",Industry Executive,https://images.squarespace-cdn.com/content/v1/66c6171d65f1fc197d8b9dc2/d2d6976e-60a5-4251-b8a3-9ca5b410024a/Nikhil+Raghuveera.jpg?format=2500w,
Timm Reinsdorf,"Co-Founder and CEO, Particula",Industry Executive,https://images.squarespace-cdn.com/content/v1/66c6171d65f1fc197d8b9dc2/5fae4815-aa9d-4847-a1be-11da90cf26e3/Particula_2025042632505_aff_web_square+%282%29.jpg?format=2500w,
Matthew Roszak,"Chairman and Co-founder, Bloq",Government / Regulator,https://images.squarespace-cdn.com/content/v1/66c6171d65f1fc197d8b9dc2/9c0ce5c8-9874-4973-864c-6c645c7c2d0d/Matthew+Roszak+%28high+res%29.jpg?format=2500w,
Justin Sun,"Founder, TRON",Industry Executive,https://images.squarespace-cdn.com/content/v1/66c6171d65f1fc197d8b9dc2/03790c4d-4968-4a5b-9bd6-9be1021c75e8/Screenshot+2026-01-09+at+10.15.46%E2%80%AFAM.png?format=2500w,
Alex Tapscott,"Founding Partner and CEO, CMCC Global Capital Markets",Industry Executive,https://images.squarespace-cdn.com/content/v1/66c6171d65f1fc197d8b9dc2/bcf56b4e-b524-4381-8fc0-a19687bda932/_MG_6948.jpg?format=2500w,
Richard Teng,"Co-CEO, Binance",Industry Executive,https://images.squarespace-cdn.com/content/v1/66c6171d65f1fc197d8b9dc2/5922a0a8-54de-4d17-acb5-d7f17821e5ec/Richard%2BTeng.webp?format=2500w,
Fred Thiel,"Chairman and CEO, MARA",Government / Regulator,https://images.squarespace-cdn.com/content/v1/66c6171d65f1fc197d8b9dc2/9322c335-9560-40df-b5be-0ec0e2490217/Fred%2BThiel.webp?format=2500w,
Daniel Vogel,"Co-Founder and CEO, Bitso",Industry Executive,https://images.squarespace-cdn.com/content/v1/66c6171d65f1fc197d8b9dc2/03f3ac1a-bd9e-4f28-a6c4-5124d92233ac/Daniel+Vogel+2025.jpg?format=2500w,
Ben Weiss,"Co-founder and CEO, Coinflip",Industry Executive,https://images.squarespace-cdn.com/content/v1/66c6171d65f1fc197d8b9dc2/d578871f-a085-4819-b532-3ffddbced400/Unknown+3.jpg?format=2500w,
Miller Whitehouse-Levine,"Founder and CEO, Solana Policy Institute",Industry Executive,https://images.squarespace-cdn.com/content/v1/66c6171d65f1fc197d8b9dc2/b45f010c-35f2-41a8-95a3-ebb72c6ae8c6/Miller+Whitehouse-Levine.jpg?format=2500w,
RAGHU YARLAGADDA,"CEO and Co-Founder, FalconX",Industry Executive,https://images.squarespace-cdn.com/content/v1/66c6171d65f1fc197d8b9dc2/548ce343-fb51-428a-8a2f-f8993be295bd/tempImagehZ1nqm.jpeg?format=2500w,
Jihan Wu,"CEO, Bitdeer",Industry Executive,https://images.squarespace-cdn.com/content/v1/66c6171d65f1fc197d8b9dc2/c69235c3-14b0-4365-a7aa-9fccd94a2436/Jihan+Wu+image.webp?format=2500w,
Yoshi Yokokawa,"Co-Founder and CEO, Alpaca",Industry Executive,https://images.squarespace-cdn.com/content/v1/66c6171d65f1fc197d8b9dc2/36c675db-ce8c-4961-ba72-1b8788aa0754/Unknown-4.jpeg?format=2500w,
CZ,"Founder, Binance",Industry Executive,https://images.squarespace-cdn.com/content/v1/66c6171d65f1fc197d8b9dc2/b83f4153-d6bf-4e40-b71c-c6e38ed50e46/b02d6855ab98dd9b9a0bf1eb26c56adbabb0567f.png?format=2500w,
Sarah Aberg,"CLO, Helium",Other,https://images.squarespace-cdn.com/content/v1/66c6171d65f1fc197d8b9dc2/89ba0b37-90be-4dc2-b78a-7b47e462048d/Sarah+Aberg+-+CLO+Helium.jpg?format=2500w,
Virginia Alvarez,"Head of Content Americas, Money20/20",Industry Leader,https://images.squarespace-cdn.com/content/v1/66c6171d65f1fc197d8b9dc2/d0dde1b5-a4d3-4b27-866b-131495b2782e/Virginia+Alvarez+%281%29.jpg?format=2500w,
Wasim Ahmad,"Co-Founder, Vault12",Industry Executive,https://images.squarespace-cdn.com/content/v1/66c6171d65f1fc197d8b9dc2/29ffd696-1edc-45cc-b2ad-63874a2652cf/dh4gcJUu.jpg?format=2500w,
Rachel Anderika,"Head of Global Operations, Bank COO, Anchorage",Industry Leader,https://images.squarespace-cdn.com/content/v1/66c6171d65f1fc197d8b9dc2/4953f4d7-e187-4e0c-8007-e08eb9c4a14d/Rachel+Anderika+Headshot.jpg?format=2500w,
Hinza Asif,"President, Asia Web3 Alliance Japan",Industry Executive,https://images.squarespace-cdn.com/content/v1/66c6171d65f1fc197d8b9dc2/20f75dd3-17a8-46a8-ac6c-4d4c9cb92cf0/Hinza+Asif+Headshot.jpg?format=2500w,
Anthony Apollo,"Executive Director, Wyoming Stable Token Commission",Government / Regulator,https://images.squarespace-cdn.com/content/v1/66c6171d65f1fc197d8b9dc2/85da884e-7713-4f88-9cf7-f7ada8c3eb28/AJA+-+Headshots+-+STC+-+v2_square.jpg?format=2500w,
Chen Arad,"Co-Founder & CXO, Solidus Labs",Industry Executive,https://images.squarespace-cdn.com/content/v1/66c6171d65f1fc197d8b9dc2/1871c455-a1d4-4fe9-bd97-741edf407938/Chen+Headshot.jpeg?format=2500w,
Taylor Barr,"Director of Government Affairs, The Digital Chamber",Government / Regulator,https://images.squarespace-cdn.com/content/v1/66c6171d65f1fc197d8b9dc2/e2a23858-8c77-4e75-990d-1d5d2951fd04/Tay+Tay.jpg?format=2500w,
Kevin Batteh,"Partner, Delta Strategy Group",Industry Leader,https://images.squarespace-cdn.com/content/v1/66c6171d65f1fc197d8b9dc2/c30c4b07-0728-47b3-9ede-d52b45c86acb/Unknown-2.jpeg?format=2500w,
Sebastian Bea,"CIO, ReserveOne",Other,https://images.squarespace-cdn.com/content/v1/66c6171d65f1fc197d8b9dc2/5c1b24f6-d5b2-4d15-a32b-b28f7acf4a6e/Headshots-3+copy.png?format=2500w,
Jean-Philippe Beaudet,"Policy Associate, National Security, The Digital Chamber",Other,https://images.squarespace-cdn.com/content/v1/66c6171d65f1fc197d8b9dc2/d7cebfd2-24d7-47a1-91b0-c3daa6c3c154/JP.jpg?format=2500w,
Elizabeth Boison,"Partner, Chapman and Cutler",Industry Leader,https://images.squarespace-cdn.com/content/v1/66c6171d65f1fc197d8b9dc2/c493b42c-baae-4b17-9498-4800ae5ae613/Boison_Elizabeth.jpg?format=2500w,
Perianne Boring,"Founder and Chair, The Digital Chamber",Industry Executive,https://images.squarespace-cdn.com/content/v1/66c6171d65f1fc197d8b9dc2/b2d9173f-0698-4fef-9c70-12a60a00cffa/IMG_3049+copy.jpg?format=2500w,
Jayson Browder,"SVP, Government Affairs and Social Responsibility, MARA",Industry Leader,https://images.squarespace-cdn.com/content/v1/66c6171d65f1fc197d8b9dc2/cbf69984-803f-4026-a28e-905febe606a8/headshot_new.png?format=2500w,
Cody Carbone,"CEO, The Digital Chamber",Industry Executive,https://images.squarespace-cdn.com/content/v1/66c6171d65f1fc197d8b9dc2/5fe59c7c-8a8a-4eba-a25f-97e84353f08f/Cody+C+%281%29.png?format=2500w,
Frank Chaparro,"Head of Content & Special Projects, GSR",Industry Leader,https://images.squarespace-cdn.com/content/v1/66c6171d65f1fc197d8b9dc2/0b1c44ed-25f4-4ca3-978c-5045d331bfe8/Frank+headshot+%282%29.png?format=2500w,
Raja Chakravorti,"Chief Business Officer, Stellar Development Foundation",Industry Executive,https://images.squarespace-cdn.com/content/v1/66c6171d65f1fc197d8b9dc2/5f25ca62-caac-4caa-8c70-ebc712f5ec4f/IMG_4341.jpg?format=2500w,
James Cheng,"CFO, Canaan",Other,https://images.squarespace-cdn.com/content/v1/66c6171d65f1fc197d8b9dc2/eeb87a23-c868-4924-8a7c-48ce8acd3527/Cheng+2025+06+30.jpg?format=2500w,
Greg Collett,"General Counsel, Osprey Funds",Other,https://images.squarespace-cdn.com/content/v1/66c6171d65f1fc197d8b9dc2/052dbc49-0ac4-4055-8ad6-4b642d834fae/REX-Financial-High-Res-9.jpg?format=2500w,
Anastasia Dellaccio,"Executive Director of State and Regional Affairs, The Digital Chamber",Government / Regulator,https://images.squarespace-cdn.com/content/v1/66c6171d65f1fc197d8b9dc2/8ce933c0-2def-4d59-95e3-ef8df066d387/Anna-2.webp?format=2500w,
Sahana Dharmapuri,"Vice President, Our Secure Future",Industry Executive,https://images.squarespace-cdn.com/content/v1/66c6171d65f1fc197d8b9dc2/8b8d296e-e2d5-4868-a517-986e7802fdb4/sahanadharmapuri.jpg?format=2500w,
Alexandre Dreyfus,"CEO and Founder, Chiliz",Industry Executive,https://images.squarespace-cdn.com/content/v1/66c6171d65f1fc197d8b9dc2/40b78140-9c53-4e73-987b-0315b50544be/Dreyfus.png?format=2500w,
Elizabeth Duchek,"Associate Director of Gov. Relations, Bitdeer",Government / Elected Official,https://images.squarespace-cdn.com/content/v1/66c6171d65f1fc197d8b9dc2/6a8c4aad-b7c0-4d11-8c3c-ffc45a1dce11/Elizabeth-%281+of+3%29.jpeg?format=2500w,
Aaron Dimitri,"General Counsel - Digital Assets, Flow Traders",Other,https://images.squarespace-cdn.com/content/v1/66c6171d65f1fc197d8b9dc2/e23792fa-6358-4c4d-90ff-b19ef9947280/Aaron+Dimitri.jpeg?format=2500w,
Samson A. Enzer,"Partner and Co-Chair, CahillNXT",Industry Leader,https://images.squarespace-cdn.com/content/v1/66c6171d65f1fc197d8b9dc2/ffa89dac-5c01-40f8-958a-d534445d72fb/Enzer_Sam0048_web.JPG?format=2500w,
Youssef El Maddarsi,"Co-founder and Chief Business Officer, Naoris",Industry Executive,https://images.squarespace-cdn.com/content/v1/66c6171d65f1fc197d8b9dc2/b613087c-e4a4-44c4-b72a-8cf01d7937b0/Youssef+E.M+Head+Shot.jpg?format=2500w,
Teddy Fusaro,"President, Bitwise Management",Industry Executive,https://images.squarespace-cdn.com/content/v1/66c6171d65f1fc197d8b9dc2/d2b17b60-8204-492f-a2d7-b11eff2bba36/Teddy-Fusaro-color-8x10-026.jpg?format=2500w,
Stephen Gardner,"Chief Legal Officer and Chief Compliance Officer, zerohash",Industry Executive,https://images.squarespace-cdn.com/content/v1/66c6171d65f1fc197d8b9dc2/869445e1-396f-4c56-8b4e-1f6152d134c7/Stephen+ZH+Headshot.png?format=2500w,
Gerald Gallagher,"General Counsel, Sei Labs",Other,https://images.squarespace-cdn.com/content/v1/66c6171d65f1fc197d8b9dc2/ea89f13b-fefa-4ab1-8d51-82b30a809112/temp+headshot.jpg?format=2500w,
Chris Giancarlo,"Former Chairman, Commodity Futures Trading Commission",Government / Regulator,https://images.squarespace-cdn.com/content/v1/66c6171d65f1fc197d8b9dc2/6e5fc9d5-f683-4096-a5f5-0b0ea033d845/Chris+Giancarlo+Headshot.webp?format=2500w,
Teresa Goody Guillén,"Partner, Baker Hostetler LLP",Industry Leader,https://images.squarespace-cdn.com/content/v1/66c6171d65f1fc197d8b9dc2/d3e496d2-3563-473c-9790-f6dd3f928302/Screenshot+2026-02-19+at+11.59.37%E2%80%AFAM.png?format=2500w,
Joaquin Gubb,"VP of Capital Markets Legal, Crypto.com",Industry Leader,https://images.squarespace-cdn.com/content/v1/66c6171d65f1fc197d8b9dc2/8d3ea9c4-1cde-4359-8d50-d5a73adae1ab/Screenshot+2026-03-05+at+9.25.00%E2%80%AFAM.png?format=2500w,
Dr. Darko Hajdukovic,"Head of Digital Markets Infrastructure, London Stock Exchange Group",Industry Leader,https://images.squarespace-cdn.com/content/v1/66c6171d65f1fc197d8b9dc2/f9b2db41-24db-4b12-a0aa-61c19832d003/Darko+photo+Sept25.png?format=2500w,
David Holtzman,"Chief Strategy Officer, Naoris",Industry Executive,https://images.squarespace-cdn.com/content/v1/66c6171d65f1fc197d8b9dc2/dae07f23-f91f-4c70-868e-9d02203ad2ec/David+Holtzman+headshot.jpeg?format=2500w,
Jason Jiang,"CBO, CertiK",Other,https://images.squarespace-cdn.com/content/v1/66c6171d65f1fc197d8b9dc2/739266f3-380c-4fb1-b5e6-6615d78af4b3/Unknown-3+%281%29.png?format=2500w,
Ben Jorgensen,"CEO, Constellation Network",Industry Executive,https://images.squarespace-cdn.com/content/v1/66c6171d65f1fc197d8b9dc2/37a75b4d-2528-43ed-badb-470f072ad121/image+%2820%29.png?format=2500w,
Jolie Kahn,"CEO, AVAX One",Industry Executive,https://images.squarespace-cdn.com/content/v1/66c6171d65f1fc197d8b9dc2/21177e44-5507-4a69-a62a-83007889c93e/Jolie+Kahn_CEO_AVAX+One_Headshot1.jpg?format=2500w,
Alex Konanykhin,"Founder and CEO, Unicoin",Industry Executive,https://images.squarespace-cdn.com/content/v1/66c6171d65f1fc197d8b9dc2/db5f4642-2927-47b2-b144-5c2b43e9e6ce/50368949082_22a5071df5_b.jpg?format=2500w,
Alan Konevsky,"CEO, tZero",Industry Executive,https://images.squarespace-cdn.com/content/v1/66c6171d65f1fc197d8b9dc2/b4d8ffce-5de7-49bf-bca2-27f456748910/Alan+1A+tZERO_251113_2439-1.jpg?format=2500w,
Rob Krugman,"Chief Digital Officer, Broadridge Financial Solutions",Industry Executive,https://images.squarespace-cdn.com/content/v1/66c6171d65f1fc197d8b9dc2/c51826a1-edaf-4acf-aa63-aa68eb34b676/Rob+Krugman+Headshot.png?format=2500w,
Stani Kulechov,"Founder, Aave Labs",Industry Executive,https://images.squarespace-cdn.com/content/v1/66c6171d65f1fc197d8b9dc2/911fa7d5-990b-443a-815a-878af213771b/Stani+Kulechov+Photo.jpg?format=2500w,
Sander Lutz,"White House Correspondent, Decrypt",Other,https://images.squarespace-cdn.com/content/v1/66c6171d65f1fc197d8b9dc2/553fb99e-b965-4fc9-9d2b-6ac29af33c15/SanderLutz.png?format=2500w,
William Mack,"Co-Chair, Financial Regulatory and Compliance Group, Greenberg Traurig, LLP",Other,https://images.squarespace-cdn.com/content/v1/66c6171d65f1fc197d8b9dc2/c618ff2b-f92a-4edd-ad64-dffefa7cba9d/Mack_William.jpg?format=2500w,
Rob Massey,"Partner | Global Tax Leader - Blockchain and Digital Assets, Deloitte Tax LLP",Industry Leader,https://images.squarespace-cdn.com/content/v1/66c6171d65f1fc197d8b9dc2/e7b0ef82-7258-4ad9-b461-f735435be79e/us-bda-rmassey-v2.webp?format=2500w,
Zunera Mazhar,"Vice President of Policy and Government Affairs, The Digital Chamber",Industry Executive,https://images.squarespace-cdn.com/content/v1/66c6171d65f1fc197d8b9dc2/4cd6cf69-6534-4f58-9fe3-bb6d596fda81/5acc745dc99b514714583d71d444b082.jpg?format=2500w,
Jack McDonald,"SVP - Stablecoins, Ripple",Industry Leader,https://images.squarespace-cdn.com/content/v1/66c6171d65f1fc197d8b9dc2/7b0ad367-71d5-42bb-bc68-39f1a16d90c6/Jack+McDonald.jpg?format=2500w,
Andrew McCormick,"Head of eToro US, eToro",Industry Leader,https://images.squarespace-cdn.com/content/v1/66c6171d65f1fc197d8b9dc2/34d2f662-c892-43ce-8801-1e206f662897/Andrew+McCormick+-+NYSE.jpg?format=2500w,
Ian McGinley,"Partner,Sidley Austin",Industry Leader,https://images.squarespace-cdn.com/content/v1/66c6171d65f1fc197d8b9dc2/f4fffdf4-b83d-45ed-8f93-59846f73c438/IMG_0546.jpeg?format=2500w,
Jelena McWilliams,"President of Corporate and External Affairs, Plaid",Industry Executive,https://images.squarespace-cdn.com/content/v1/66c6171d65f1fc197d8b9dc2/91d077cc-12a2-4220-bebf-badd86147d37/Screenshot+2026-03-11+at+8.55.13%E2%80%AFAM.png?format=2500w,
Chris Montagano,"Chief Legal Officer, Orca",Industry Executive,https://images.squarespace-cdn.com/content/v1/66c6171d65f1fc197d8b9dc2/55396f49-1036-4883-ab74-e3f52a5f4a50/Montagano+Head+Shot+-+2.25.2026.jpeg?format=2500w,
Silvina Moschini,"Co-Founder and Chief Strategy Officer, Unicoin",Industry Executive,https://images.squarespace-cdn.com/content/v1/66c6171d65f1fc197d8b9dc2/43806b76-1fee-422d-9f35-c273fe7d7b2d/SilvinaMoschini.jpg?format=2500w,
Eleanor Mueller,"White House Economic Policy Reporter, Semafor",Media,https://images.squarespace-cdn.com/content/v1/66c6171d65f1fc197d8b9dc2/f4c11a11-cbf9-4964-ac71-24fbfdc86cc9/20251118_Semafor_The_Future_of_Health_Forum_0319.jpg?format=2500w,
Sonya Murphy,"Senior Policy Associate, Digital Power Network",Other,https://images.squarespace-cdn.com/content/v1/66c6171d65f1fc197d8b9dc2/558c96cc-753a-48ea-917f-87b00aba42ac/Sonya+EDIT.jpg?format=2500w,
Mina Nguyen,"Senior Advisor, FalconX",Other,https://images.squarespace-cdn.com/content/v1/66c6171d65f1fc197d8b9dc2/40ee270d-6083-4fab-9da3-98998d3f0e79/Screenshot+2026-02-13+at+5.33.31%E2%80%AFPM.png?format=2500w,
Amy Oldenburg,"Head of Digital Asset Strategy, Morgan Stanley",Industry Leader,https://images.squarespace-cdn.com/content/v1/66c6171d65f1fc197d8b9dc2/3707846d-e1f0-40bb-8ae7-829eaf53d885/Amy+Oldenburg+HeadShot+1.jpg?format=2500w,
Larry Pang,"Head of BD, IoTeX",Industry Leader,https://images.squarespace-cdn.com/content/v1/66c6171d65f1fc197d8b9dc2/0a7cc3d8-2f67-4a7f-82a7-d578b62465d0/Headshot+-+Larry+Pang.jpg?format=2500w,
Josh Peschko,"Global Head of Compliance and Regulatory Strategy, Talos",Industry Leader,https://images.squarespace-cdn.com/content/v1/66c6171d65f1fc197d8b9dc2/233a1080-0f7f-4c9c-be0e-f29f2c2d36b1/Josh+Peschko+%5B1%5D.jpg?format=2500w,
Caroline Pham,"Chief Legal Officer and Chief Administrative Officer, Moonpay",Industry Executive,https://images.squarespace-cdn.com/content/v1/66c6171d65f1fc197d8b9dc2/5084f0bc-6cb8-42a6-8b77-dd1b4148324a/Caroline+Pham_2026+Headshot.jpg?format=2500w,
Matt Prusak,"President, American Bitcoin",Industry Executive,https://images.squarespace-cdn.com/content/v1/66c6171d65f1fc197d8b9dc2/85487cbb-c5dc-4915-aa1d-293194a014ab/Matt+Prusak+-+color.png?format=2500w,
Dr. Chris Powell,"Chief Scientist and Fellow, SAIC",Industry Executive,https://images.squarespace-cdn.com/content/v1/66c6171d65f1fc197d8b9dc2/98d0a7e1-7d8a-426c-98dd-47f7a566455c/headshot_Chris+Powell_SAIC.jpg?format=2500w,
Lee Schneider,"General Counsel, Ava Labs, Inc.",Other,https://images.squarespace-cdn.com/content/v1/66c6171d65f1fc197d8b9dc2/2b7484cd-8246-4839-a018-50438de5921d/Lee+Schneider.jpg?format=2500w,
Jonathan Schmalfeld,"Policy Director, The Digital Chamber",Government / Regulator,https://images.squarespace-cdn.com/content/v1/66c6171d65f1fc197d8b9dc2/569e869b-5705-4caa-bb5c-4086f1ad768c/Jonathan+S.jpg?format=2500w,
Ben Sherwin,"General Counsel, Chainlink",Other,https://images.squarespace-cdn.com/content/v1/66c6171d65f1fc197d8b9dc2/f0c602f6-d7d7-4443-a10f-87fa7dc28302/Unknown-3.png?format=2500w,
Sarah Shtylman,"Partner, Perkins Coie",Industry Leader,https://images.squarespace-cdn.com/content/v1/66c6171d65f1fc197d8b9dc2/9885b021-853b-4c8a-a4db-8db5fa6d92f2/Sarah+I.+Shtylman+%281%29.png?format=2500w,
Scarlett Sieber,"Chief Strategy and Growth Officer, Money20/20",Industry Executive,https://images.squarespace-cdn.com/content/v1/66c6171d65f1fc197d8b9dc2/a2706819-1834-4605-b4af-6db5cfc5a3c6/Scarlett_Sieber.png?format=2500w,
Hunter Sims,"Associate Director of Alternative Finance, Cambridge Center",Government / Regulator,https://images.squarespace-cdn.com/content/v1/66c6171d65f1fc197d8b9dc2/cc0c14f9-f232-4902-bd9c-84066c024c2d/22CO51-131.JPG?format=2500w,
Jamison Sites,"Principal, KPMG LLP",Other,https://images.squarespace-cdn.com/content/v1/66c6171d65f1fc197d8b9dc2/10c88838-8e6a-4a59-adcd-48132b36214c/Sites+Headshot.jpg?format=2500w,
Jonathan Steinberg,"Founder and Chief Executive Officer,  WisdomTree Investments",Industry Executive,https://images.squarespace-cdn.com/content/v1/66c6171d65f1fc197d8b9dc2/042e54dc-b06c-4d3b-9d32-c77cfe737b21/Jonathan+Steinberg_WisdomTree+%281%29.png?format=2500w,
Daniel Stabile,"Partner & Co-Chair, Digital Assets and Blockchain Technology Group, Winston & Strawn LLP",Industry Leader,https://images.squarespace-cdn.com/content/v1/66c6171d65f1fc197d8b9dc2/73e5210e-b827-4226-add2-d5b9645a0629/Daniel%2BStabile.webp?format=2500w,
Mike Senich,"Senior Advisor, Bitcoin Voter Project",Other,https://images.squarespace-cdn.com/content/v1/66c6171d65f1fc197d8b9dc2/7204c993-ab09-4ebf-865d-4fc97370b23b/Senich_DSC_3510+%281%29.jpg?format=2500w,
Dean Sovolos,"Chief Legal Officer, B2C2",Industry Executive,https://images.squarespace-cdn.com/content/v1/66c6171d65f1fc197d8b9dc2/c03c9fe0-7a57-4a32-b4d4-72c9c064465d/Unknown+%283%29.jpeg?format=2500w,
Glen Sussman,"CEO, Tassat",Industry Executive,https://images.squarespace-cdn.com/content/v1/66c6171d65f1fc197d8b9dc2/8604531f-8b60-4d8b-aa5d-b91120eed8a0/Sussman+headshot.jpg?format=2500w,
Ari Redbord,"Global Head of Policy, TRM Labs",Industry Leader,https://images.squarespace-cdn.com/content/v1/66c6171d65f1fc197d8b9dc2/e09ad77f-b794-42db-9235-a82231901390/Ari+Redbord.jpg?format=2500w,
Norman Reed,"Senior Advisor, Binance.US",Other,https://images.squarespace-cdn.com/content/v1/66c6171d65f1fc197d8b9dc2/57d7ac53-e94a-4874-beab-2f4da1001a6f/Norman+Reed+headshot.png?format=2500w,
Brandi Reynolds,"Chief Compliance Officer, World Liberty Financial",Industry Executive,https://images.squarespace-cdn.com/content/v1/66c6171d65f1fc197d8b9dc2/e1843607-773d-48ea-bac8-5ab4c095920e/Brandi+White2.jpg?format=2500w,
Nilmini Rubin,"CPO, Hedera",Other,https://images.squarespace-cdn.com/content/v1/66c6171d65f1fc197d8b9dc2/101b14e0-17e3-4f15-8d2f-882112e4a03a/Unknown+%282%29.jpeg?format=2500w,
Jonathan Rufrano,"Policy Director, The Digital Chamber",Government / Regulator,https://images.squarespace-cdn.com/content/v1/66c6171d65f1fc197d8b9dc2/e05fa02f-4b24-4b81-bc1c-9bf0742ac758/Jonathan-Rufrano.webp?format=2500w,
Jeff Rundlet,"VP, Institutional Solutions, Cryptio",Industry Leader,https://images.squarespace-cdn.com/content/v1/66c6171d65f1fc197d8b9dc2/fb5b23d1-af69-4f84-8527-1cd683ca7352/Jeff+3-PhotoRoom+%28zoom%29.png?format=2500w,
Paul Unterberg,"Chief Product Officer, Uphold",Industry Executive,https://images.squarespace-cdn.com/content/v1/66c6171d65f1fc197d8b9dc2/fcaae162-7955-4bc7-9009-b9225f770587/paul3.jpg?format=2500w,
Ali Tager,"Vice President of Communications, National Cryptocurrency Association",Industry Executive,https://images.squarespace-cdn.com/content/v1/66c6171d65f1fc197d8b9dc2/ad80ecb7-9f36-46b0-a61f-1dce8d9ecfa8/Ali+Tager+NCA+headshot.jpg?format=2500w,
Ian Taylor,"Board, Advisor, CRYPTO UK and Chief Operating Officer, HT DIGITAL",Industry Executive,https://images.squarespace-cdn.com/content/v1/66c6171d65f1fc197d8b9dc2/eeaae13e-f893-4564-8c7d-e4fc5e3f7b95/Ian+Headshot+%281%29.png?format=2500w,
Eleanor Terrett,"Co-Founder and Host, Crypto In America Podcast and Newsletter",Industry Executive,https://images.squarespace-cdn.com/content/v1/66c6171d65f1fc197d8b9dc2/8bdfb585-41d5-4bb8-8a52-c4d90695e54c/ETerrettHeadshot.jpg?format=2500w,
Mari Tomunen,"General Counsel, DoubleZero",Other,https://images.squarespace-cdn.com/content/v1/66c6171d65f1fc197d8b9dc2/8e69b0dc-c7b0-4918-8f61-24f845491f9a/MariTomunen-Headshot+%281%29+%282%29.jpg?format=2500w,
Amanda Tuminelli,"Executive Director & Chief Legal Officer, DeFi Education Fund",Government / Regulator,https://images.squarespace-cdn.com/content/v1/66c6171d65f1fc197d8b9dc2/6e9729e1-884a-4244-abda-4746a29b611f/Amanda+Headshot+2.jpeg?format=2500w,
Anthony Vassallo,"Senior Vice President, Crypto, Silicon Valley Bank",Industry Executive,https://images.squarespace-cdn.com/content/v1/66c6171d65f1fc197d8b9dc2/bebd8e98-2c03-4aee-bce3-7c9bd21498c8/AV+Headshot+Mar+2024+%281%29.jpg?format=2500w,
Eric Vincent,"President, General Counsel and Partner, 50T Funds",Industry Executive,https://images.squarespace-cdn.com/content/v1/66c6171d65f1fc197d8b9dc2/8ae7a294-4d71-4827-9cb3-f76558fa774c/Eric+Vincent.jpg?format=2500w,
Adrian Wall,"Senior Director of U.S. Policy, TRON DAO",Government / Regulator,https://images.squarespace-cdn.com/content/v1/66c6171d65f1fc197d8b9dc2/a1f67741-ccd5-4825-ace5-e9c00f080223/Adrian+Headshot+2.jpg?format=2500w,
Sarah Ward,"Chief Legal and Administrative Officer, Chainalysis",Industry Executive,https://images.squarespace-cdn.com/content/v1/66c6171d65f1fc197d8b9dc2/207d95e9-ef8f-4d17-91e5-abcf5f244acd/sarah+ward_headshot.jpg?format=2500w,
Sarah Wheeler,"Director, Marfire",Government / Regulator,https://images.squarespace-cdn.com/content/v1/66c6171d65f1fc197d8b9dc2/92f8fcdd-c58e-4645-9af4-624bd09bded7/8I0A5258.jpg?format=2500w,
Zach Whiting,"Manager, Public Policy, Riot Platforms",Other,https://images.squarespace-cdn.com/content/v1/66c6171d65f1fc197d8b9dc2/9da77cb9-a2d0-41db-9855-cdc2db3a164e/Unknown-3+%281%29.jpeg?format=2500w,
Zach Witkoff,"Co-Founder, World Liberty Financial",Industry Executive,https://images.squarespace-cdn.com/content/v1/66c6171d65f1fc197d8b9dc2/db6a2477-6852-479b-8f08-6e434cd711b9/ZW.webp?format=2500w,
Sarah Wynn,"Reporter, The Block",Media,https://images.squarespace-cdn.com/content/v1/66c6171d65f1fc197d8b9dc2/33fdc5fc-672b-4fef-b677-7f336f43ac34/SarahWynn.jpg?format=2500w,
Tom Zschach,"Chief Innovation Officer, SWIFT",Industry Executive,https://images.squarespace-cdn.com/content/v1/66c6171d65f1fc197d8b9dc2/64f26739-49a6-418f-8e5e-735fe073447f/Tom+Zschach.jpg?format=2500w,
Joseph Ziolkowski,"Founder and CEO, Relm Insurance",Industry Executive,https://images.squarespace-cdn.com/content/v1/66c6171d65f1fc197d8b9dc2/b84295f3-e365-4bbd-852c-049409eb9021/Joseph+Ziolkowski.png?format=2500w,
